{
  "calibratedAt": "2026-04-05T23:15:39.479Z",
  "source": "MTA NYC Open Data - Hourly Ridership, Nov 2024 Weekdays",
  "n_stations": 424,
  "walkshed_m": 400,
  "regression": {
    "featureNames": [
      "intercept",
      "log(office_jobs)",
      "log(retail_jobs)",
      "log(other_jobs)",
      "log(res_units)",
      "lu4_mixed",
      "lu5_commercial",
      "lu7_transport",
      "lu8_public"
    ],
    "coefficients": {
      "07-09": [
        3.8948634146501813,
        0.004461928997644991,
        0.16850201672563825,
        0.05124754689202971,
        0.5413876159462919,
        -1.530515080108927,
        -0.290132021205348,
        -0.00009094937146679266,
        -0.18797846561853623
      ],
      "09-11": [
        2.4777603808843294,
        0.10289880906666651,
        0.19879751240897647,
        0.06306176037206736,
        0.5210405162439402,
        -1.0055858111586082,
        -0.30182031314783264,
        -0.25110819109545024,
        0.2941112821241389
      ],
      "11-13": [
        2.7406231970704735,
        0.12616700047227908,
        0.19890779735098602,
        0.09171236905705867,
        0.40749821078210463,
        -0.3405567958030092,
        -0.07997969771949007,
        -0.30719949404266805,
        1.0414930614303644
      ],
      "13-15": [
        3.2893664060969723,
        0.12897775610945525,
        0.20250728560315212,
        0.10534254179359613,
        0.3505093724889104,
        -0.08129667285768565,
        -0.025822271593549537,
        -0.2726787484416569,
        1.4045747077313777
      ],
      "15-17": [
        2.943206151428555,
        0.1742585759734273,
        0.197213789033002,
        0.16453561835657085,
        0.32854964668439895,
        0.21420922928458958,
        -0.14704450028594557,
        -0.1211390212253954,
        1.6077218231117039
      ],
      "17-19": [
        2.2720124071082552,
        0.251366775124617,
        0.21690185480057872,
        0.155960759217076,
        0.32529349245695516,
        0.30071837680147917,
        -0.1769263817218295,
        -0.337820934169399,
        1.2320202372615146
      ],
      "19-21": [
        1.720598133250095,
        0.2035247471394229,
        0.25526787181294264,
        0.12194999169267935,
        0.3332884583346146,
        0.802873546350774,
        -0.07814653315124051,
        -0.23428703629868727,
        1.5303992225802225
      ]
    },
    "r2": {
      "07-09": 0.240499168044376,
      "09-11": 0.41529051601722167,
      "11-13": 0.5133804956563004,
      "13-15": 0.549814556554928,
      "15-17": 0.6294290827885938,
      "17-19": 0.6674730473301281,
      "19-21": 0.6459279265599353
    }
  },
  "sectorWeights": {
    "07-09": {
      "office": 0.005828022718088049,
      "retail": 0.2200917096706357,
      "other": 0.0669378351136181,
      "residential": 0.7071424324976582
    },
    "09-11": {
      "office": 0.11616501684282406,
      "retail": 0.22442744077182156,
      "other": 0.07119198484613382,
      "residential": 0.5882155575392206
    },
    "11-13": {
      "office": 0.15306228145168985,
      "retail": 0.24130938476072933,
      "other": 0.11126288484838058,
      "residential": 0.49436544893920026
    },
    "13-15": {
      "office": 0.16381519389806928,
      "retail": 0.2572053605018495,
      "other": 0.13379600816584794,
      "residential": 0.4451834374342331
    },
    "15-17": {
      "office": 0.2015580800135598,
      "retail": 0.2281094772388855,
      "other": 0.19031191517857546,
      "residential": 0.3800205275689792
    },
    "17-19": {
      "office": 0.2647295604938497,
      "retail": 0.22843246750964374,
      "other": 0.164251712348838,
      "residential": 0.3425862596476685
    },
    "19-21": {
      "office": 0.22266720907706042,
      "retail": 0.27927701855682024,
      "other": 0.1334199633157034,
      "residential": 0.36463580905041587
    }
  },
  "landUseCurves": {
    "1": {
      "07-09": 1,
      "09-11": 0.4674511815438203,
      "11-13": 0.33393851916355527,
      "13-15": 0.4024433085612721,
      "15-17": 0.4580235831613604,
      "17-19": 0.38252943421884505,
      "19-21": 0.1810851594278966
    },
    "2": {
      "07-09": 1,
      "09-11": 0.5816242267620172,
      "11-13": 0.407279390469401,
      "13-15": 0.48595770119039666,
      "15-17": 0.6199085110017005,
      "17-19": 0.5806981976964378,
      "19-21": 0.30141874781859634
    },
    "3": {
      "07-09": 0.8872546063795881,
      "09-11": 0.5521862536502167,
      "11-13": 0.47656754731283757,
      "13-15": 0.6122910008700221,
      "15-17": 1,
      "17-19": 0.895177406989465,
      "19-21": 0.42215886087398463
    },
    "4": {
      "07-09": 0.45835208286356943,
      "09-11": 0.37491741180664073,
      "11-13": 0.38649469285725774,
      "13-15": 0.55647621082579,
      "15-17": 0.9190676732497621,
      "17-19": 1,
      "19-21": 0.5446192868909521
    },
    "5": {
      "07-09": 0.44994628840657896,
      "09-11": 0.35673403469558645,
      "11-13": 0.32632593388001996,
      "13-15": 0.43245193102083795,
      "15-17": 0.7247354870330386,
      "17-19": 1,
      "19-21": 0.42900413169404605
    },
    "6": {
      "07-09": 1,
      "09-11": 0.596482733473211,
      "11-13": 0.5078636371787745,
      "13-15": 0.6875526782992306,
      "15-17": 0.9828619933169545,
      "17-19": 0.819264864994112,
      "19-21": 0.37613351744585716
    },
    "7": {
      "07-09": 1,
      "09-11": 0.459970984306242,
      "11-13": 0.32953279917166817,
      "13-15": 0.3693902490413383,
      "15-17": 0.44325385120126176,
      "17-19": 0.38208010017036187,
      "19-21": 0.1675144626979779
    },
    "9": {
      "07-09": 1,
      "09-11": 0.47576802545766944,
      "11-13": 0.3527798952170073,
      "13-15": 0.4523334180309026,
      "15-17": 0.521993538785437,
      "17-19": 0.4181664186237855,
      "19-21": 0.19310803779931515
    },
    "11": {
      "07-09": 1,
      "09-11": 0.47094580286742815,
      "11-13": 0.3952616434772861,
      "13-15": 0.4849341687323277,
      "15-17": 0.5421581694298776,
      "17-19": 0.38811175745195003,
      "19-21": 0.19753117175919582
    }
  },
  "landUseCounts": {
    "1": 128,
    "2": 82,
    "3": 10,
    "4": 40,
    "5": 35,
    "6": 11,
    "7": 6,
    "8": 2,
    "9": 21,
    "10": 0,
    "11": 6
  },
  "transitActivityCurve": {
    "07-09": 0.9679517504690137,
    "09-11": 0.590219319690642,
    "11-13": 0.4896589060192134,
    "13-15": 0.6355121615919491,
    "15-17": 0.938365636699177,
    "17-19": 1,
    "19-21": 0.4735589817822779
  },
  "transitBonus": {
    "07-09": 1.48,
    "09-11": 1.3,
    "11-13": 1.24,
    "13-15": 1.32,
    "15-17": 1.47,
    "17-19": 1.5,
    "19-21": 1.24
  }
}